CASE_ID,ACCIDENT_YEAR,PROC_DATE,JURIS,COLLISION_DATE,COLLISION_TIME,OFFICER_ID,REPORTING_DISTRICT,DAY_OF_WEEK,CHP_SHIFT,POPULATION,CNTY_CITY_LOC,SPECIAL_COND,BEAT_TYPE,CHP_BEAT_TYPE,CITY_DIVISION_LAPD,CHP_BEAT_CLASS,BEAT_NUMBER,PRIMARY_RD,SECONDARY_RD,DISTANCE,DIRECTION,INTERSECTION,WEATHER_1,WEATHER_2,STATE_HWY_IND,CALTRANS_COUNTY,CALTRANS_DISTRICT,STATE_ROUTE,ROUTE_SUFFIX,POSTMILE_PREFIX,POSTMILE,LOCATION_TYPE,RAMP_INTERSECTION,SIDE_OF_HWY,TOW_AWAY,COLLISION_SEVERITY,NUMBER_KILLED,NUMBER_INJURED,PARTY_COUNT,PRIMARY_COLL_FACTOR,PCF_CODE_OF_VIOL,PCF_VIOL_CATEGORY,PCF_VIOLATION,PCF_VIOL_SUBSECTION,HIT_AND_RUN,TYPE_OF_COLLISION,MVIW,PED_ACTION,ROAD_SURFACE,ROAD_COND_1,ROAD_COND_2,LIGHTING,CONTROL_DEVICE,CHP_ROAD_TYPE,PEDESTRIAN_ACCIDENT,BICYCLE_ACCIDENT,MOTORCYCLE_ACCIDENT,TRUCK_ACCIDENT,NOT_PRIVATE_PROPERTY,ALCOHOL_INVOLVED,STWD_VEHTYPE_AT_FAULT,CHP_VEHTYPE_AT_FAULT,COUNT_SEVERE_INJ,COUNT_VISIBLE_INJ,COUNT_COMPLAINT_PAIN,COUNT_PED_KILLED,COUNT_PED_INJURED,COUNT_BICYCLIST_KILLED,COUNT_BICYCLIST_INJURED,COUNT_MC_KILLED,COUNT_MC_INJURED,PRIMARY_RAMP,SECONDARY_RAMP,LATITUDE,LONGITUDE,COUNTY,CITY,POINT_X,POINT_Y
91477816,2021,2021-05-27,9151,2021-05-10,1104,017300,,1,1,9,1700,0,1,3,,2,018,SR-29,"C STREET",0.00,,Y,A,-,Y,,,29,,,,,,,Y,3,0,3,2,A,-,01,23153,G,N,D,C,A,A,H,-,A,A,0,,,,,Y,Y,A,01,0,2,1,0,0,0,0,0,0,"- ","- ",38.880268096923828,-122.61302185058594,LAKE,UNINCORPORATED,-122.61300659179688,38.880245208740234
91538073,2021,2021-08-05,9151,2021-07-12,1302,017300,,1,1,9,1700,0,2,4,,2,043,"NICE-LUCERNE CUTOFF",SR-29,1056.00,E,N,A,-,N,,,,,,,,,,Y,4,0,2,1,A,-,08,22107,,N,E,I,A,A,H,-,A,A,0,,,,,Y,,A,01,0,0,2,0,0,0,0,0,0,"- ","- ",39.117191314697266,-122.89797973632812,LAKE,UNINCORPORATED,,
91572118,2021,2021-09-16,9151,2021-09-08,0615,019076,,3,1,9,1700,0,1,3,,1,011,SR-20,"MANZANITA DR.",440.00,W,N,A,-,Y,,,20,,,,,,,Y,3,0,2,2,A,-,01,23152,F,N,B,C,A,A,H,-,B,D,0,,,,,Y,,D,22,0,2,0,0,0,0,0,0,0,"- ","- ",39.120769500732422,-122.83738708496094,LAKE,UNINCORPORATED,-122.83737182617188,39.120803833007812
9419960,2021,2022-04-27,1702,2021-03-21,2008,217,D,7,5,3,1702,0,0,0,,0,,"OLD HWY 53","OLD HWY 53 5775",0.00,,Y,A,-,N,,,,,,,,,,Y,4,0,1,1,A,-,07,21658,A,M,E,I,A,A,H,-,C,D,0,,,,,Y,,A,01,0,0,1,0,0,0,0,0,0,"- ","- ",38.941448211669922,-122.63587951660156,LAKE,CLEARLAKE,,
91423543,2021,2021-03-09,9151,2021-03-01,1100,017141,,1,1,9,1700,0,1,3,,2,015,SR-29,"OLD LAKE COUNTY RD",337.00,N,N,A,-,Y,,,29,,,,,,,Y,3,0,1,2,A,-,03,22350,,N,E,I,A,A,D,-,A,D,0,,,,,Y,,A,01,0,1,0,0,0,0,0,0,0,"- ","- ",38.940139770507812,-122.78109741210938,LAKE,UNINCORPORATED,-122.78108978271484,38.940101623535156
91425093,2021,2021-03-11,9151,2021-03-01,0930,021793,,1,1,9,1700,0,3,5,,2,008,"DRY CREEK ROAD","DRY CREEK CUT OFF",6864.00,W,N,A,-,N,,,,,,,,,,Y,3,0,1,2,A,-,05,21650,,F,A,C,A,A,B,-,A,D,0,,,,,Y,,A,01,0,1,0,0,0,0,0,0,0,"- ","- ",38.732669830322266,-122.65277862548828,LAKE,UNINCORPORATED,-122.65256500244141,38.732818603515625
91443885,2021,2021-04-06,9151,2021-03-23,0955,017300,,2,1,9,1700,0,1,3,,1,024,SR-29,"SEIGLER CANYON ROAD",138.00,S,N,A,-,Y,,,29,,,,,,,N,4,0,1,2,A,-,03,22350,,N,C,C,A,A,H,-,A,A,0,,,,,Y,,D,22,0,0,1,0,0,0,0,0,0,"- ","- ",38.910480499267578,-122.63546752929688,LAKE,UNINCORPORATED,-122.63546752929688,38.910469055175781
91432394,2021,2021-03-22,9151,2021-03-13,2100,022397,,6,2,9,1700,0,1,3,,1,011,SR-20,"HILLSIDE LANE",528.00,W,N,B,-,Y,,,20,,,,,,,N,3,0,1,1,C,-,18,,,N,H,A,A,A,H,-,D,D,0,,,,,Y,,-,"- ",0,1,0,0,0,0,0,0,0,"- ","- ",39.021129608154297,-122.68887329101562,LAKE,UNINCORPORATED,-122.68890380859375,39.021083831787109
91475474,2021,2021-05-27,9151,2021-05-08,0154,022419,,6,3,9,1700,0,1,3,,2,018,SR-29,"MIRABEL ROAD",214.00,N,N,A,-,Y,,,29,,,,,,,Y,4,0,1,1,A,-,01,23152,G,M,F,0,A,A,H,-,D,D,0,,,,,Y,Y,A,01,0,0,1,0,0,0,0,0,0,"- ","- ",38.708091735839844,-122.60852813720703,LAKE,UNINCORPORATED,-122.60852813720703,38.708095550537109
91536820,2021,2021-08-04,9151,2021-07-21,1025,017141,,3,1,9,1700,0,3,5,,2,003,"SCOTTS VALLEY RD","HILL RD, EAST",528.00,W,N,A,-,N,,,,,,,,,,Y,2,0,1,1,A,-,01,23152,A,N,E,I,A,A,H,-,A,D,0,,,Y,,Y,Y,C,02,1,0,0,0,0,0,0,0,1,"- ","- ",39.062210083007812,-122.93666839599609,LAKE,UNINCORPORATED,-122.93701934814453,39.062221527099609
91720898,2021,2022-03-11,9151,2021-09-22,0725,017141,,3,1,9,1700,0,2,4,,2,043,"NICE LUCERNE CUTOFF","LAKESHORE BLVD",4224.00,E,N,A,-,N,,,,,,,,,,Y,1,1,1,2,A,-,01,23152,F,N,A,C,A,A,H,-,A,D,0,,,,,Y,,A,01,0,1,0,0,0,0,0,0,0,"- ","- ",39.121040344238281,-122.89134979248047,LAKE,UNINCORPORATED,-122.89070129394531,39.12091064453125
91536929,2021,2021-08-04,9151,2021-07-29,1530,021761,,4,2,9,1700,0,3,5,,2,008,"14078 WESTER MINE RD.","14078 WESTERN MINE RD DRIVEWAY",450.00,S,N,A,-,N,,,,,,,,,,Y,4,0,1,1,A,-,01,23152,A,N,E,I,A,A,H,-,A,D,0,,,,,Y,Y,A,08,0,0,1,0,0,0,0,0,0,"- ","- ",38.712020874023438,-122.64617919921875,LAKE,UNINCORPORATED,-122.62036895751953,38.722526550292969
91445398,2021,2021-04-07,9151,2021-04-02,1729,019200,,5,2,9,1700,0,1,3,,1,011,SR-20,"SCOTTS VALLEY ROAD",2270.00,W,N,A,-,Y,,,20,,,,,,,Y,3,0,1,2,A,-,09,21801,A,N,A,C,A,A,H,-,A,D,0,,,,,Y,,A,07,0,1,0,0,0,0,0,0,0,"- ","- ",39.163730621337891,-122.99693298339844,LAKE,UNINCORPORATED,-122.99691009521484,39.163749694824219
91548002,2021,2021-08-18,9151,2021-08-14,0519,022419,,6,3,9,1700,0,1,3,,1,011,SR-20,"ROSEMONT DRIVE",1056.00,E,N,B,-,Y,,,20,,,,,,,Y,3,0,1,1,A,-,08,22107,,N,F,A,A,A,H,-,D,D,0,,,,,Y,,D,23,0,1,0,0,0,0,0,0,0,"- ","- ",39.064109802246094,-122.78488159179688,LAKE,UNINCORPORATED,-122.78461456298828,39.064186096191406
91625769,2021,2021-11-16,9151,2021-11-10,1349,016093,,3,1,9,1700,0,1,3,,1,028,SR-175,"DRY CREEK CUT-OFF",2112.00,W,N,A,-,Y,,,175,,,,,,,Y,2,0,3,2,A,-,08,22107,,N,D,C,A,A,H,-,A,D,0,,,,,Y,,A,07,1,2,0,0,0,0,0,0,0,"- ","- ",38.763618469238281,-122.64539337158203,LAKE,UNINCORPORATED,-122.64537811279297,38.763633728027344
91445902,2021,2021-04-08,9151,2021-04-02,0834,016093,,5,1,9,1700,0,1,3,,2,018,SR-29,"MIRABEL ROAD (N)",200.00,N,N,A,-,Y,,,29,,,,,,,Y,4,0,1,2,A,-,08,22107,,N,E,I,A,A,H,-,A,D,0,,,,,Y,,A,07,0,0,1,0,0,0,0,0,0,"- ","- ",38.712020874023438,-122.61311340332031,LAKE,UNINCORPORATED,-122.61305999755859,38.712081909179688
91851893,2021,2022-08-29,9151,2021-12-11,0610,021761,,6,1,9,1700,0,1,3,,1,022,SR-20,"LANCE RD.",3168.00,E,N,A,-,Y,,,20,,,,,,,Y,1,1,0,1,A,-,03,22350,,N,F,0,A,A,H,-,B,D,0,,,,Y,Y,,G,25,0,0,0,0,0,0,0,0,0,"- ","- ",39.001651763916016,-122.49781799316406,LAKE,UNINCORPORATED,-122.49784851074219,39.001590728759766
91509232,2021,2021-06-29,9151,2021-06-17,1645,019200,,4,2,9,1700,0,1,3,,1,011,SR-20,"VAN SLEEPER ROAD",321.00,E,N,A,-,Y,,,20,,,,,,,Y,3,0,2,2,A,-,03,22350,,N,C,C,A,A,H,-,A,D,0,,,,,Y,,D,22,0,1,1,0,0,0,0,0,0,"- ","- ",39.165260314941406,-122.92579650878906,LAKE,UNINCORPORATED,-122.92578125,39.165294647216797
91624369,2021,2022-03-03,9151,2021-07-31,0837,016093,,6,1,9,1700,0,1,3,,2,018,SR-29,"MIRABEL ROAD",654.00,S,N,A,-,Y,,,29,,,,,,,Y,1,1,1,2,A,-,08,22107,,N,D,C,A,A,H,-,A,D,0,,,,Y,Y,,F,26,0,1,0,0,0,0,0,0,0,"- ","- ",38.710590362548828,-122.61150360107422,LAKE,UNINCORPORATED,-122.61139678955078,38.710716247558594
91540389,2021,2021-08-09,9151,2021-06-11,1249,021793,,5,1,9,1700,0,1,3,,1,012,SR-20,"ROSEMONT DR",1584.00,E,N,A,-,Y,,,20,,,,,,,Y,1,1,0,2,A,-,08,22107,,N,F,C,A,A,H,-,A,D,0,,,Y,Y,Y,,C,02,0,0,0,0,0,0,0,1,0,"- ","- ",39.063220977783203,-122.78404235839844,LAKE,UNINCORPORATED,-122.78398895263672,39.063262939453125
91643768,2021,2021-12-06,9151,2021-11-24,1238,019076,,3,1,9,1700,0,1,3,,1,022,SR-20,SR-53,421.00,E,N,A,-,Y,,,20,,,,,,,Y,3,0,3,2,A,-,01,23152,F,N,D,C,A,A,H,-,A,A,0,,,,,Y,,A,01,0,2,1,0,0,0,0,0,0,"- ","- ",39.009071350097656,-122.61197662353516,LAKE,UNINCORPORATED,-122.61197662353516,39.009056091308594
91650281,2021,2021-12-13,9151,2021-12-04,0240,022070,,6,3,9,1700,0,1,3,,1,011,SR-20,SR-29,50.00,E,N,A,-,Y,,,20,,,,,,,Y,2,0,1,1,A,-,01,23152,A,N,E,8,A,A,H,-,C,D,0,,,,,Y,Y,A,01,1,0,0,0,0,0,0,0,0,"- ","- ",39.163558959960938,-122.9202880859375,LAKE,UNINCORPORATED,-122.9202880859375,39.163494110107422
91480313,2021,2021-05-27,9151,2021-05-21,1513,020326,,5,2,9,1700,0,2,4,,2,025,"SODA BAY RD","REEVES LN",528.00,W,N,A,B,N,,,,,,,,,,Y,2,0,3,2,A,-,09,21804,A,N,D,C,A,A,H,-,A,D,0,,,,,Y,,A,01,1,1,1,0,0,0,0,0,0,"- ","- ",39.014919281005859,-122.88214874267578,LAKE,UNINCORPORATED,-122.88211822509766,39.014888763427734
91663536,2021,2021-12-28,9151,2021-12-19,1905,021255,,7,2,9,1700,0,1,3,,1,012,SR-20,"OAK GROVE AVENUE",40.00,W,N,A,-,Y,,,20,,,,,,,Y,4,0,1,2,A,-,01,23152,A,N,A,C,A,A,H,-,C,D,0,,,,,Y,Y,A,01,0,0,1,0,0,0,0,0,0,"- ","- ",39.024898529052734,-122.67375183105469,LAKE,UNINCORPORATED,-122.67376708984375,39.024917602539062
91392104,2021,2021-01-21,9151,2021-01-12,0200,022070,,2,3,9,1700,0,3,5,,2,008,"SEIGLER CANYON ROAD","PERINI ROAD",4752.00,S,N,A,-,N,,,,,,,,,,Y,3,0,1,1,A,-,08,22107,,N,E,I,A,A,H,-,D,D,0,,,,,Y,,A,07,0,1,0,0,0,0,0,0,0,"- ","- ",38.894729614257812,-122.65235900878906,LAKE,UNINCORPORATED,-122.65066528320312,38.8953857421875
91430034,2021,2021-03-18,9151,2021-03-11,0550,016093,,4,3,9,1700,0,1,3,,2,018,SR-29,"SPRUCE GROVE ROAD",341.00,S,N,B,-,Y,,,29,,,,,,,Y,2,0,3,2,A,-,05,21460,A,N,A,C,A,A,H,-,D,D,0,,,,,Y,,A,01,3,0,0,0,0,0,0,0,0,"- ","- ",38.819091796875,-122.57594299316406,LAKE,UNINCORPORATED,-122.57588958740234,38.819129943847656
91521805,2021,2021-07-16,9151,2021-03-13,2305,022397,,6,3,9,1700,0,1,3,,2,018,SR-29,"BAR X ENTRANCE RD",1584.00,N,N,B,-,Y,,,29,,,,,,,Y,1,2,1,2,A,-,01,23152,A,N,A,C,A,A,H,-,D,D,0,,,,,Y,Y,D,22,0,0,1,0,0,0,0,0,0,"- ","- ",38.771511077880859,-122.58558654785156,LAKE,UNINCORPORATED,-122.58558654785156,38.771507263183594
9248784,2021,2021-04-26,1702,2021-03-12,1121,209,,5,5,3,1702,0,0,0,,0,,"OLD HWY 53","SARONI PKWY",275.00,S,N,A,-,N,,,,,,,,,,N,3,0,1,2,A,-,04,21703,,N,C,C,A,A,H,-,A,D,0,,,,,Y,,-,,0,1,0,0,0,0,0,0,0,"- ","- ",38.955879211425781,-122.63141632080078,LAKE,CLEARLAKE,,
9383464,2021,2022-01-06,1702,2021-01-05,0708,201,A,2,5,3,1702,0,0,0,,0,,"ARROWHEAD RD","CARTER LN",0.00,,Y,E,-,N,,,,,,,,,,Y,4,0,1,1,A,-,00,11550,A,N,E,I,A,A,G,H,B,D,0,,,,,Y,,A,01,0,0,1,0,0,0,0,0,0,"- ","- ",38.972270965576172,-122.66488647460938,LAKE,CLEARLAKE,-122.66599273681641,38.972503662109375
9428156,2021,2022-05-03,1702,2021-11-02,2022,245,C,2,5,3,1702,0,0,0,,0,,"AUSTIN RD","OLD HWY 53",0.00,,Y,A,-,N,,,,,,,,,,N,3,0,1,2,A,-,11,21954,A,M,G,B,E,A,H,-,D,D,0,Y,,,,Y,Y,N,60,0,1,0,0,1,0,0,0,0,"- ","- ",38.959388732910156,-122.63318634033203,LAKE,CLEARLAKE,,
91652759,2021,2021-12-15,9151,2021-12-12,1700,020848,,7,2,9,1700,0,3,5,,2,005,"BIG VALLEY RD","RENFRO DR",559.00,E,N,B,C,N,,,,,,,,,,Y,4,0,1,1,A,-,08,22107,,N,E,I,A,B,H,-,D,D,0,,,,,Y,,A,01,0,0,1,0,0,0,0,0,0,"- ","- ",38.989681243896484,-122.85543823242188,LAKE,UNINCORPORATED,-122.85548400878906,38.989608764648438
91406358,2021,2021-02-10,9151,2021-02-01,1150,019076,,1,1,9,1700,0,1,3,,2,018,SR-29,"MIRABEL RD.",600.00,S,N,B,-,Y,,,29,,,,,,,Y,2,0,1,1,A,-,08,22107,,N,E,I,A,B,H,-,A,D,0,,,,,Y,,A,07,1,0,0,0,0,0,0,0,0,"- ","- ",38.719501495361328,-122.61808013916016,LAKE,UNINCORPORATED,-122.61808776855469,38.719497680664062
91463553,2021,2021-05-27,9151,2021-04-21,2205,020848,,3,3,9,1700,0,1,3,,1,023,SR-175,"MATHEWS RD",4224.00,W,N,A,-,Y,,,175,,,,,,,Y,3,0,1,1,A,-,01,23152,A,N,E,I,A,A,H,-,D,D,0,,,,,Y,Y,A,01,0,1,0,0,0,0,0,0,0,"- ","- ",38.994281768798828,-122.92678833007812,LAKE,UNINCORPORATED,-122.92680358886719,38.994319915771484
91478097,2021,2021-05-27,9151,2021-05-14,1011,017904,,5,1,9,1700,0,3,5,,2,003,"SCOTTS VALLEY RD.","EICKHOFF RD.",1584.00,E,N,A,-,N,,,,,,,,,,N,3,0,1,1,A,-,08,22107,,N,E,I,A,A,H,-,A,D,0,,,,,Y,,A,01,0,1,0,0,0,0,0,0,0,"- ","- ",39.091331481933594,-122.95738220214844,LAKE,UNINCORPORATED,-122.95829010009766,39.091617584228516
9428159,2021,2022-04-29,1702,2021-11-08,1727,241,C,1,5,3,1702,0,0,0,,0,,"OLD HIGHWAY 53","OLD HIGHWAY 4775",0.00,,Y,C,-,N,,,,,,,,,,N,3,0,1,2,A,-,07,21658,,M,A,C,A,B,H,-,D,D,0,,,,,Y,Y,A,07,0,1,0,0,0,0,0,0,0,"- ","- ",38.948490142822266,-122.63111114501953,LAKE,CLEARLAKE,,
91554034,2021,2021-08-25,9151,2021-08-17,0720,021793,,2,1,9,1700,0,1,3,,2,018,SR-29,"BAR X ENTRANCE RD",1056.00,N,N,B,-,Y,,,29,,,,,,,Y,3,0,1,1,A,-,08,22107,,N,E,8,A,A,H,-,A,D,0,,,,,Y,,D,22,0,1,0,0,0,0,0,0,0,"- ","- ",38.773761749267578,-122.58380126953125,LAKE,UNINCORPORATED,-122.58382415771484,38.773788452148438
91531151,2021,2021-07-28,9151,2021-07-19,0720,015435,,1,1,9,1700,0,1,3,,1,011,SR-20,"MAIN STREET",240.00,E,N,A,-,Y,,,20,,,,,,,Y,4,0,1,2,A,-,03,22350,,N,C,C,A,A,H,-,A,D,0,,,,,Y,,A,01,0,0,1,0,0,0,0,0,0,"- ","- ",39.162151336669922,-122.91059112548828,LAKE,UNINCORPORATED,-122.91058349609375,39.162185668945312
91402836,2021,2021-02-04,9151,2021-01-13,1630,020326,,3,2,9,1700,0,1,3,,1,011,SR-20,"BRUNER DR",1056.00,W,N,A,-,Y,,,20,,,,,,,Y,1,1,2,2,A,-,05,21460,A,N,A,C,A,A,H,-,A,D,0,,,,,Y,,A,01,2,0,0,0,0,0,0,0,0,"- ","- ",39.044609069824219,-122.7781982421875,LAKE,UNINCORPORATED,-122.77817535400391,39.044620513916016
91524549,2021,2021-07-20,9151,2021-07-12,1915,021761,,1,2,9,1700,0,1,3,,1,011,SR-20,"SEVENTH AVE.",90.00,E,N,A,-,Y,,,20,,,,,,,Y,2,0,1,1,A,-,03,22350,,N,E,I,A,A,H,-,A,D,0,,,,,Y,,A,01,1,0,0,0,0,0,0,0,0,"- ","- ",39.091121673583984,-122.79630279541016,LAKE,UNINCORPORATED,-122.79632568359375,39.091087341308594
91620250,2021,2021-11-09,9151,2021-11-02,0900,015435,,2,1,9,1700,0,2,4,,2,043,"LAKESHORE BOULEVARD","TERRACE COURT",300.00,S,N,A,-,N,,,,,,,,,,Y,4,0,1,1,A,-,08,22107,,N,E,I,A,A,H,-,A,D,0,,,,,Y,,D,22,0,0,1,0,0,0,0,0,0,"- ","- ",39.097408294677734,-122.8997802734375,LAKE,UNINCORPORATED,-122.89977264404297,39.097728729248047
91392117,2021,2021-01-21,9151,2021-01-15,2125,020522,,5,2,9,1700,0,1,3,,1,013,SR-29,"MOCKINGBIRD LANE",1056.00,N,N,A,-,Y,,,29,,,,,,,Y,4,0,1,1,A,-,01,23152,A,N,E,I,A,A,H,-,D,D,0,,,,,Y,Y,D,22,0,0,1,0,0,0,0,0,0,"- ","- ",39.140968322753906,-122.91274261474609,LAKE,UNINCORPORATED,-122.91277313232422,39.140937805175781
91597895,2021,2021-10-15,9151,2021-10-09,1830,021761,,6,2,9,1700,0,3,5,,2,008,"BUTTS CANYON RD","WALNUT RD.",90.00,E,N,A,-,N,,,,,,,,,,Y,3,0,1,1,A,-,01,23152,A,N,E,I,A,A,H,-,A,D,0,,,,,Y,Y,A,07,0,1,0,0,0,0,0,0,0,"- ","- ",38.741840362548828,-122.57205200195312,LAKE,UNINCORPORATED,-122.57382202148438,38.743076324462891
9337914,2021,2021-12-13,1702,2021-08-10,2012,241,D,2,5,3,1702,0,0,0,,0,,"CYPRESS AV","OLD HWY 53",0.00,,Y,A,-,N,,,,,,,,,,N,3,0,1,2,A,-,03,22350,,N,D,C,A,A,H,-,B,D,0,,,Y,,Y,,C,02,0,1,0,0,0,0,0,0,1,"- ","- ",38.953731536865234,-122.63059234619141,LAKE,CLEARLAKE,,
9277821,2021,2021-06-17,1702,2021-05-09,2352,COOK,,7,5,3,1702,0,0,0,,0,,"LAKESHORE DR","OLYMPIC DR",310.00,N,N,A,-,N,,,,,,,,,,Y,3,0,2,2,A,-,01,23152,,F,A,C,A,A,H,-,C,D,0,,,,Y,Y,Y,F,26,0,2,0,0,0,0,0,0,0,"- ","- ",38.961341857910156,-122.64913940429688,LAKE,CLEARLAKE,-122.64960479736328,38.961673736572266
91638710,2021,2021-11-30,9151,2021-07-10,2500,020955,,6,4,9,1700,0,3,5,,2,006,"MORGAN VALLEY ROAD","ROCKY CREEK RD",4224.00,E,N,A,-,N,,,,,,,,,,Y,1,1,0,1,A,-,01,23152,G,N,E,I,A,A,H,-,A,D,0,,,,,Y,Y,A,01,0,0,0,0,0,0,0,0,0,"- ","- ",38.885711669921875,-122.46257019042969,LAKE,UNINCORPORATED,-122.46171569824219,38.885654449462891
91589622,2021,2021-10-06,9151,2021-09-27,0750,021793,,1,1,9,1700,0,1,3,,2,018,SR-29,"ST. HELENA CREEK ROAD",493.00,S,N,A,-,Y,,,29,,,,,,,N,3,0,1,3,A,-,03,22350,,N,C,C,A,A,H,-,A,D,0,,,,,Y,,A,07,0,1,0,0,0,0,0,0,0,"- ","- ",38.756179809570312,-122.60926055908203,LAKE,UNINCORPORATED,-122.60923767089844,38.756122589111328
91595658,2021,2021-10-13,9151,2021-10-12,1405,020522,,2,2,9,1700,0,1,3,,1,011,SR-20,"BRUNER DR",0.00,,Y,A,-,Y,,,20,,,,,,,Y,3,0,2,2,A,-,09,21802,A,N,D,C,A,A,H,-,A,A,0,,,,,Y,,A,07,0,2,0,0,0,0,0,0,0,"- ","- ",39.042999267578125,-122.77574920654297,LAKE,UNINCORPORATED,-122.77574157714844,39.043003082275391
91622689,2021,2021-11-11,9151,2021-11-04,1905,020354,,4,2,9,1700,0,1,3,,1,024,SR-29,SR-281,0.00,,Y,A,-,Y,,,29,,,,,,,Y,4,0,1,2,A,-,01,23152,A,N,A,C,A,A,H,-,C,A,0,,,,,Y,Y,A,01,0,0,1,0,0,0,0,0,0,"- ","- ",38.929721832275391,-122.74147033691406,LAKE,UNINCORPORATED,-122.74147796630859,38.9296875
9233830,2021,2021-12-20,1702,2021-02-13,1612,182,D,6,5,3,1702,0,0,0,,0,,"OLD HWY 53","CLEMENT DR",0.00,,Y,A,-,N,,,,,,,,,,N,3,0,1,2,A,-,08,22107,,F,A,C,A,A,H,-,A,D,0,,,Y,,Y,,D,22,0,1,0,0,0,0,0,0,1,"- ","- ",38.958229064941406,-122.62637329101562,LAKE,CLEARLAKE,,
91440389,2021,2021-03-31,9151,2021-03-21,1700,020354,,7,2,9,1700,0,3,5,,2,001,"7TH AVENUE","COUNTRY CLUB DRIVE",126.00,S,N,A,-,N,,,,,,,,,,N,2,0,1,1,A,-,01,23152,A,N,F,A,A,A,H,-,A,D,0,,,Y,,Y,Y,C,02,1,0,0,0,0,0,0,0,1,"- ","- ",39.092369079589844,-122.79412078857422,LAKE,UNINCORPORATED,-122.79415893554688,39.092338562011719
91455072,2021,2021-04-21,9151,2021-04-11,1420,021761,,7,2,9,1700,0,1,3,,1,022,SR-20,"MULE SKINNER RD.",330.00,W,N,A,-,Y,,,20,,,,,,,N,2,0,1,1,A,-,03,22350,,N,E,I,A,A,H,-,A,D,0,,,Y,,Y,,C,02,1,0,0,0,0,0,0,0,1,"- ","- ",39.015209197998047,-122.49031829833984,LAKE,UNINCORPORATED,-122.49034118652344,39.015209197998047
91615007,2021,2021-12-02,9151,2021-08-26,1007,015435,,4,1,9,1700,0,1,3,,2,015,SR-29,"ARGONAUT ROAD",1056.00,N,N,A,-,Y,,,29,,,,,,,Y,1,1,1,2,A,-,05,21650,,N,A,C,A,A,H,-,A,D,0,,,,,Y,,A,01,1,0,0,0,0,0,0,0,0,"- ","- ",38.995861053466797,-122.88334655761719,LAKE,UNINCORPORATED,-122.88336181640625,38.995826721191406