CASE_ID,ACCIDENT_YEAR,PROC_DATE,JURIS,COLLISION_DATE,COLLISION_TIME,OFFICER_ID,REPORTING_DISTRICT,DAY_OF_WEEK,CHP_SHIFT,POPULATION,CNTY_CITY_LOC,SPECIAL_COND,BEAT_TYPE,CHP_BEAT_TYPE,CITY_DIVISION_LAPD,CHP_BEAT_CLASS,BEAT_NUMBER,PRIMARY_RD,SECONDARY_RD,DISTANCE,DIRECTION,INTERSECTION,WEATHER_1,WEATHER_2,STATE_HWY_IND,CALTRANS_COUNTY,CALTRANS_DISTRICT,STATE_ROUTE,ROUTE_SUFFIX,POSTMILE_PREFIX,POSTMILE,LOCATION_TYPE,RAMP_INTERSECTION,SIDE_OF_HWY,TOW_AWAY,COLLISION_SEVERITY,NUMBER_KILLED,NUMBER_INJURED,PARTY_COUNT,PRIMARY_COLL_FACTOR,PCF_CODE_OF_VIOL,PCF_VIOL_CATEGORY,PCF_VIOLATION,PCF_VIOL_SUBSECTION,HIT_AND_RUN,TYPE_OF_COLLISION,MVIW,PED_ACTION,ROAD_SURFACE,ROAD_COND_1,ROAD_COND_2,LIGHTING,CONTROL_DEVICE,CHP_ROAD_TYPE,PEDESTRIAN_ACCIDENT,BICYCLE_ACCIDENT,MOTORCYCLE_ACCIDENT,TRUCK_ACCIDENT,NOT_PRIVATE_PROPERTY,ALCOHOL_INVOLVED,STWD_VEHTYPE_AT_FAULT,CHP_VEHTYPE_AT_FAULT,COUNT_SEVERE_INJ,COUNT_VISIBLE_INJ,COUNT_COMPLAINT_PAIN,COUNT_PED_KILLED,COUNT_PED_INJURED,COUNT_BICYCLIST_KILLED,COUNT_BICYCLIST_INJURED,COUNT_MC_KILLED,COUNT_MC_INJURED,PRIMARY_RAMP,SECONDARY_RAMP,LATITUDE,LONGITUDE,COUNTY,CITY,POINT_X,POINT_Y
91460411,2021,2021-05-27,9151,2021-04-26,1712,020326,,1,2,9,1700,0,1,3,,1,024,SR-29,"DIENER DRIVE",240.00,E,N,B,-,Y,,,29,,,,,,,Y,3,0,1,1,A,-,08,22107,,N,F,A,A,A,H,-,A,D,0,,,Y,,Y,,C,02,0,1,0,0,0,0,0,0,1,"- ","- ",38.905570983886719,-122.67075347900391,LAKE,UNINCORPORATED,-122.67072296142578,38.905616760253906
91510126,2021,2021-06-30,9151,2021-06-26,1440,020522,,6,2,9,1700,0,1,3,,1,011,SR-20,"IRVINE AVENUE",80.00,W,N,A,-,Y,,,20,,,,,,,Y,3,0,2,2,A,-,09,21804,A,N,D,C,A,A,H,-,A,D,0,,,,,Y,,A,01,0,1,1,0,0,0,0,0,0,"- ","- ",39.169219970703125,-123.00650787353516,LAKE,UNINCORPORATED,-123.00646209716797,39.169258117675781
9354886,2021,2022-03-16,1702,2021-09-11,2118,195,,6,5,3,1702,0,0,0,,0,,"DAM RD","DAM RD EXT",0.00,,Y,A,-,N,,,,,,,,,,N,3,0,1,2,A,-,10,21950,A,F,G,B,B,A,H,-,C,A,0,Y,,,,Y,Y,A,01,0,1,0,0,1,0,0,0,0,"- ","- ",38.930259704589844,-122.61782073974609,LAKE,CLEARLAKE,-122.61782836914062,38.930255889892578
9378718,2021,2021-12-21,1702,2021-11-28,2358,240,,7,5,3,1702,0,0,0,,0,,"LAKESHORE DR","RT 53",0.00,,Y,A,-,Y,LAK,1,53,-,-,2.960,I,5,S,Y,2,0,1,2,A,-,11,21950,B,N,G,B,D,A,H,-,C,A,0,Y,,,,Y,,N,60,1,0,0,0,1,0,0,0,0,"- ","- ",38.950721740722656,-122.62315368652344,LAKE,CLEARLAKE,-122.62319183349609,38.950702667236328
91560688,2021,2021-09-01,9151,2021-08-25,1715,020955,,3,2,9,1700,0,1,3,,2,018,SR-29,"WARDLAW STREET",0.00,,Y,A,-,Y,,,29,,,,,,,Y,4,0,1,2,A,-,01,23152,F,N,B,C,A,A,H,-,A,A,0,,,,,Y,,D,22,0,0,1,0,0,0,0,0,0,"- ","- ",38.754669189453125,-122.61367797851562,LAKE,UNINCORPORATED,-122.61365509033203,38.754619598388672
9300501,2021,2021-08-12,1702,2021-06-17,2003,195,C,4,5,3,1702,0,0,0,,0,,"OLD HWY 53","40TH AV",135.00,N,N,A,-,N,,,,,,,,,,Y,2,0,1,3,A,-,01,23152,A,M,A,J,A,A,H,-,A,D,0,,,,,Y,Y,A,01,1,0,0,0,0,0,0,0,0,"- ","- ",38.951229095458984,-122.63169860839844,LAKE,CLEARLAKE,-122.62309265136719,38.951080322265625
9383453,2021,2022-01-07,1702,2021-02-25,1522,196,A,4,5,3,1702,0,0,0,,0,21-628,"LAKESHORE DR","ROSEWOOD LN",23.00,S,N,A,-,N,,,,,,,,,,Y,3,0,1,1,A,-,03,22350,,N,E,I,A,A,H,-,A,D,0,,,,,Y,,A,01,0,1,0,0,0,0,0,0,0,"- ","- ",38.963611602783203,-122.64954376220703,LAKE,CLEARLAKE,-122.64984893798828,38.963909149169922
91452477,2021,2021-04-16,9151,2021-04-08,1905,020848,,4,2,9,1700,0,1,3,,1,011,SR-20,"NICE-LUCERNE CUTOFF",602.00,W,N,A,-,Y,,,20,,,,,,,Y,4,0,1,2,A,-,09,21801,A,N,D,C,A,A,H,-,A,D,0,,,,Y,Y,,F,55,0,0,1,0,0,0,0,0,0,"- ","- ",39.131488800048828,-122.87290954589844,LAKE,UNINCORPORATED,-122.87289428710938,39.131515502929688
91648175,2021,2021-12-09,9151,2021-12-02,1545,021761,,4,2,9,1700,0,1,3,,1,011,SR-20,"LAKEVIEW DR.",0.00,,Y,A,-,Y,,,20,,,,,,,Y,4,0,1,2,A,-,09,21802,A,N,D,C,A,A,H,-,A,D,0,,,,,Y,,A,01,0,0,1,0,0,0,0,0,0,"- ","- ",39.124908447265625,-122.86076354980469,LAKE,UNINCORPORATED,-122.86075592041016,39.124912261962891
9277922,2021,2022-01-07,1702,2021-06-01,1650,201,,2,5,3,1702,0,0,0,,0,,"OLYMPIC DR","SYCAMORE ST",0.00,,Y,A,-,N,,,,,,,,,,N,2,0,2,2,A,-,08,22107,,N,B,C,A,A,H,-,A,D,0,,,Y,,Y,,C,02,2,0,0,0,0,0,0,0,2,"- ","- ",38.957969665527344,-122.61792755126953,LAKE,CLEARLAKE,-122.63719177246094,38.961845397949219
91405890,2021,2021-02-10,9151,2021-01-29,1950,019200,,5,2,9,1700,0,3,5,,2,001,"CLOVER VALLEY LANE","BAMBI LANE",3168.00,N,N,B,-,N,,,,,,,,,,N,4,0,1,1,A,-,08,22107,,N,E,I,A,A,H,-,D,D,0,,,,,Y,,A,07,0,0,1,0,0,0,0,0,0,"- ","- ",39.163230895996094,-122.86978149414062,LAKE,UNINCORPORATED,-122.88569641113281,39.172317504882812
91510129,2021,2021-06-30,9151,2021-06-28,1005,017141,,1,1,9,1700,0,3,5,,2,005,"SODA BAY RD","GOLF RD",528.00,S,N,A,-,N,,,,,,,,,,Y,4,0,1,1,A,-,08,22107,,N,E,I,A,A,H,-,A,D,0,,,,,Y,,A,01,0,0,1,0,0,0,0,0,0,"- ","- ",38.999858856201172,-122.76071166992188,LAKE,UNINCORPORATED,-122.76139068603516,39.000514984130859
9324860,2021,2022-02-10,1702,2021-09-02,1725,241,B,4,5,3,1702,0,0,0,,0,,"LAKESHORE DR","WOODLAND DR",96.00,W,N,A,-,N,,,,,,,,,,Y,3,0,2,2,A,-,03,22350,,M,B,C,A,A,H,-,A,D,0,,,Y,,Y,,A,01,0,2,0,0,0,0,0,0,1,"- ","- ",38.965328216552734,-122.64988708496094,LAKE,CLEARLAKE,-122.65003204345703,38.965553283691406
91492186,2021,2021-06-08,9151,2021-05-31,1814,021014,,1,2,9,1700,0,1,3,,1,011,SR-20,"SCOTTS VALLEY ROAD",200.00,E,N,A,-,Y,,,20,,,,,,,Y,3,0,1,1,A,-,08,22107,,N,F,A,A,A,H,-,A,D,0,,,Y,,Y,,C,02,0,1,0,0,0,0,0,0,1,"- ","- ",39.164829254150391,-122.96749114990234,LAKE,UNINCORPORATED,-122.96748352050781,39.164875030517578
91465103,2021,2021-05-27,9151,2021-04-24,0443,022419,,6,3,9,1700,0,1,3,,2,015,SR-29,"COLE CREEK RD.",1584.00,S,N,B,-,Y,,,29,,,,,,,Y,3,0,1,2,C,-,18,,,N,E,7,A,A,H,-,D,D,0,,,,,Y,,-,"- ",0,1,0,0,0,0,0,0,0,"- ","- ",38.949260711669922,-122.82543182373047,LAKE,UNINCORPORATED,-122.82541656494141,38.949275970458984
91522521,2021,2021-07-16,9151,2021-07-08,0640,017141,,4,1,9,1700,0,3,5,,2,005,"POINT LAKEVIEW RD","WHEELER DR",5280.00,S,N,A,-,N,,,,,,,,,,Y,4,0,1,1,C,-,18,,,N,E,H,A,A,H,-,A,D,0,,,Y,,Y,,-,"- ",0,0,1,0,0,0,0,0,1,"- ","- ",38.949878692626953,-122.69882202148438,LAKE,UNINCORPORATED,-122.69221496582031,38.947879791259766
91554385,2021,2021-08-25,9151,2021-08-13,1737,020848,,5,2,9,1700,0,1,3,,2,018,SR-29,"SPRUCE GROVE ROAD (SOUTH)",442.00,S,N,A,-,Y,,,29,,,,,,,N,4,0,1,3,A,-,03,22350,,M,C,D,A,A,H,-,A,D,0,,,,,Y,,A,07,0,0,1,0,0,0,0,0,0,"- ","- ",38.818878173828125,-122.57573699951172,LAKE,UNINCORPORATED,-122.57570648193359,38.81890869140625
91588797,2021,2021-10-05,9151,2021-09-26,1720,021761,,7,2,9,1700,0,3,5,,2,004,"LAKE ST.","2ND ST.",70.00,N,N,A,-,N,,,,,,,,,,Y,4,0,1,4,A,-,05,21460,A,N,B,C,A,A,H,-,A,D,0,,,,,Y,,A,07,0,0,1,0,0,0,0,0,0,"- ","- ",39.025379180908203,-122.66995239257812,LAKE,UNINCORPORATED,-122.66999816894531,39.025508880615234
9294870,2021,2021-12-20,1702,2021-07-28,1126,241,B,3,5,3,1702,0,0,0,,0,,"OLD HWY 53","OLYMPIC DR",0.00,,Y,A,-,N,,,,,,,,,,N,3,0,2,2,A,-,12,21453,A,N,B,C,A,A,H,-,A,A,0,,,,,Y,,A,01,0,1,1,0,0,0,0,0,0,"- ","- ",38.961830139160156,-122.63130187988281,LAKE,CLEARLAKE,-122.61892700195312,38.964088439941406
91458442,2021,2021-05-27,9151,2021-04-16,2007,020848,,5,2,9,1700,0,1,3,,1,011,SR-20,"BERYL WAY",0.00,,Y,A,-,Y,,,20,,,,,,,Y,3,0,2,3,A,-,08,22107,,N,B,C,A,A,H,-,D,D,0,,,,,Y,,A,01,0,1,1,0,0,0,0,0,0,"- ","- ",39.020500183105469,-122.69304656982422,LAKE,UNINCORPORATED,-122.69304656982422,39.020488739013672
91531093,2021,2021-07-28,9151,2021-07-20,1310,017141,,2,1,9,1700,0,1,3,,2,015,SR-29,"SR-175 (COBB)",127.00,S,N,A,-,Y,,,29,,,,,,,Y,2,0,1,1,A,-,08,22107,,N,E,I,A,A,D,-,A,D,0,,,,,Y,,A,01,1,0,0,0,0,0,0,0,0,"- ","- ",38.942508697509766,-122.79084014892578,LAKE,UNINCORPORATED,-122.79084777832031,38.942432403564453
91555425,2021,2021-08-26,9151,2021-04-03,1620,021761,,6,2,9,1700,0,1,3,,2,018,SR-29,"SPRUCE GROVE RD. (NORTH)",530.00,S,N,A,-,Y,,,29,,,,,,,Y,2,0,3,2,A,-,01,23152,G,N,A,C,A,A,H,-,A,D,0,,,,,Y,Y,A,01,3,0,0,0,0,0,0,0,0,"- ","- ",38.887210845947266,-122.60340881347656,LAKE,UNINCORPORATED,-122.60343170166016,38.887203216552734
91435125,2021,2021-03-25,9151,2021-03-22,1435,020522,,1,2,9,1700,0,3,5,,2,006,"LAKE STREET","JESSIE STREET",400.00,N,N,A,-,N,,,,,,,,,,Y,4,0,1,3,A,-,08,22107,,N,A,E,A,A,H,-,A,D,0,,,,,Y,,A,07,0,0,1,0,0,0,0,0,0,"- ","- ",38.914810180664062,-122.60881805419922,LAKE,UNINCORPORATED,-122.60884857177734,38.914714813232422
91652723,2021,2021-12-15,9151,2021-12-08,0902,020848,,3,1,9,1700,0,1,3,,1,016,SR-53,"OGULIN CANYON RD",2112.00,N,N,B,E,Y,,,53,,,,,,,Y,4,0,1,1,A,-,08,22107,,N,E,I,A,B,H,-,A,D,0,,,,,Y,,A,01,0,0,1,0,0,0,0,0,0,"- ","- ",38.984638214111328,-122.61251831054688,LAKE,UNINCORPORATED,-122.61260223388672,38.984664916992188
91419871,2021,2021-03-03,9151,2021-02-10,1703,019200,,3,2,9,1700,0,2,4,,2,043,"NICE/LUCERNE CUTOFF","RODMAN SLOUGH",256.00,W,N,A,-,N,,,,,,,,,,Y,3,0,1,2,A,-,09,21804,A,N,A,C,A,A,H,-,A,D,0,,,,,Y,,A,07,0,1,0,0,0,0,0,0,0,"- ","- ",39.118000030517578,-122.88746643066406,LAKE,UNINCORPORATED,,
91475069,2021,2021-05-27,9151,2021-05-04,2000,020522,,2,2,9,1700,0,1,3,,1,022,SR-20,"MULE SKINNER ROAD",2112.00,E,N,A,-,Y,,,20,,,,,,,Y,2,0,4,2,A,-,01,23152,A,N,A,C,A,A,H,-,B,D,0,,,,,Y,Y,A,07,3,0,1,0,0,0,0,0,0,"- ","- ",39.002571105957031,-122.50057220458984,LAKE,UNINCORPORATED,-122.50057220458984,39.002555847167969
91497194,2021,2021-06-15,9151,2021-06-11,1630,021761,,5,2,3,1702,0,1,3,,1,022,SR-20,"WATERTROUGH RD.",2000.00,E,N,A,-,Y,,,,,,,,,,Y,4,0,1,1,A,-,08,22107,,N,E,8,A,A,H,-,A,D,0,,,,,Y,,E,22,0,0,1,0,0,0,0,0,0,"- ","- ",39.0230712890625,-122.48515319824219,LAKE,CLEARLAKE,-122.48497772216797,39.023063659667969
91606920,2021,2021-10-26,9151,2021-10-24,0245,022419,,7,3,9,1700,0,3,5,,2,001,"CLOVER VALLEY ROAD","SAM ALLEY RIDGE ROAD",1056.00,W,N,B,C,N,,,,,,,,,,N,3,0,1,1,A,-,01,23152,A,N,E,I,A,B,H,-,D,D,0,,,,,Y,Y,A,07,0,1,0,0,0,0,0,0,0,"- ","- ",39.1722412109375,-122.88517761230469,LAKE,UNINCORPORATED,-122.8848876953125,39.172431945800781
9227043,2021,2021-03-23,1701,2021-02-24,0005,44,3F,3,5,2,1701,0,0,0,,0,,"11TH ST","NORTH FORBES ST",0.00,,Y,A,-,N,,,,,,,,,,N,3,0,1,1,A,-,08,22107,,N,-,I,A,A,H,-,C,D,0,,,,,Y,,A,01,0,1,0,0,0,0,0,0,0,"- ","- ",,,LAKE,LAKEPORT,-122.91606140136719,39.048965454101562
91552848,2021,2021-08-24,9151,2021-08-16,0307,022397,,1,3,9,1700,0,1,3,,1,011,SR-20,"NICE LUCERNE CUTOFF",232.00,W,N,A,-,Y,,,20,,,,,,,Y,4,0,1,1,A,-,01,23152,A,N,E,I,A,A,H,-,C,D,0,,,,,Y,Y,A,01,0,0,1,0,0,0,0,0,0,"- ","- ",39.130939483642578,-122.87229156494141,LAKE,UNINCORPORATED,-122.87218475341797,39.131145477294922
9263994,2021,2021-05-19,1702,2021-04-26,1558,196,,1,5,3,1702,0,0,0,,0,,"OAK ST","5TH ST",0.00,,Y,A,-,N,,,,,,,,,,N,3,0,1,2,A,-,09,21802,A,N,D,C,A,A,H,-,A,A,0,,,Y,,Y,,C,02,0,1,0,0,0,0,0,0,1,"- ","- ",39.026279449462891,-122.67192840576172,LAKE,CLEARLAKE,-122.65769958496094,38.979019165039062
91522502,2021,2021-07-16,9151,2021-07-06,1143,017141,,2,1,9,1700,0,1,3,,2,015,SR-29,SR-175,100.00,S,N,A,-,Y,,,29,,,,,,,Y,4,0,3,2,A,-,03,22350,,N,C,C,A,A,H,-,A,D,0,,,,,Y,,A,01,0,0,3,0,0,0,0,0,0,"- ","- ",39.016521453857422,-122.91259765625,LAKE,UNINCORPORATED,-122.91263580322266,39.016498565673828
91412375,2021,2021-02-22,9151,2021-02-16,0815,017300,,2,1,9,1700,0,1,3,,1,012,SR-20,"SULPHUR BANK ROAD",352.00,E,N,A,-,Y,,,20,,,,,,,Y,4,0,1,1,A,-,08,22107,,N,E,I,A,A,H,-,A,C,0,,,,,Y,,A,07,0,0,1,0,0,0,0,0,0,"- ","- ",39.019298553466797,-122.6473388671875,LAKE,UNINCORPORATED,-122.64722442626953,39.019515991210938
91455556,2021,2021-05-27,9151,2021-04-15,1525,021761,,4,2,9,1700,0,1,3,,2,018,SR-29,"ARABIAN LN.",2640.00,N,N,A,-,Y,,,29,,,,,,,N,4,0,1,2,A,-,06,21751,,M,E,I,A,A,H,-,A,D,0,,,,,Y,,A,01,0,0,1,0,0,0,0,0,0,"- ","- ",38.801609039306641,-122.57189178466797,LAKE,UNINCORPORATED,-122.57189178466797,38.801609039306641
9232989,2021,2021-03-08,1702,2021-01-14,2200,195,,4,5,3,1702,0,0,0,,0,,"SUNSET AV","DAVIS AVE",345.00,S,N,A,-,N,,,,,,,,,,N,3,0,1,2,A,-,08,22107,,F,A,B,E,A,H,-,D,D,0,Y,,,,Y,Y,A,01,0,1,0,0,1,0,0,0,0,"- ","- ",38.935588836669922,-122.62019348144531,LAKE,CLEARLAKE,-122.62800598144531,38.953514099121094
9243909,2021,2022-05-03,1702,2021-03-12,1234,229,,5,5,3,1702,0,0,0,,0,,"LAKESHORE DR","OLD HWY 53",963.00,E,N,A,-,N,,,,,,,,,,N,3,0,4,3,A,-,08,22107,,N,D,C,A,A,H,-,A,D,0,,,,,Y,,D,22,0,3,1,0,0,0,0,0,0,"- ","- ",38.950370788574219,-122.62705993652344,LAKE,CLEARLAKE,-122.62310791015625,38.950710296630859
91405533,2021,2021-02-09,9151,2021-01-30,2352,022397,,6,3,9,1700,0,1,3,,2,018,SR-29,"DRY CREEK CUT OFF",1056.00,N,N,B,-,Y,,,29,,,,,,,Y,4,0,1,1,A,-,08,22107,,N,E,J,A,B,H,-,D,D,0,,,,,Y,,A,01,0,0,1,0,0,0,0,0,0,"- ","- ",38.740459442138672,-122.62541198730469,LAKE,UNINCORPORATED,-122.62519836425781,38.740287780761719
91649050,2021,2021-12-10,9151,2021-12-02,0230,022258,,4,3,9,1700,0,3,5,,2,007,"BOTTLE ROCK ROAD","SULPHUR CREEK ROAD",3168.00,W,N,A,-,N,,,,,,,,,,Y,4,0,1,1,A,-,08,22107,,N,E,I,A,A,H,-,D,D,0,,,,,Y,,D,22,0,0,1,0,0,0,0,0,0,"- ","- ",38.861949920654297,-122.76345062255859,LAKE,UNINCORPORATED,-122.76406860351562,38.862438201904297
9295421,2021,2021-12-20,1702,2021-06-26,1356,240,D,6,5,3,1702,0,0,0,,0,,"OLD HWY 53","RIDGEVIEW DR",0.00,,Y,A,-,N,,,,,,,,,,Y,3,0,3,3,A,-,03,22350,,M,D,C,A,A,H,-,A,D,0,,,,,Y,,A,01,0,2,1,0,0,0,0,0,0,"- ","- ",38.939128875732422,-122.63092803955078,LAKE,CLEARLAKE,,
9301818,2021,2021-09-27,1702,2021-09-01,2044,196,6A,3,5,3,1702,0,0,0,,0,,"RT 53","DAM RD",0.00,,Y,A,-,Y,LAK,1,53,-,-,1.470,I,5,S,Y,1,1,0,2,A,-,11,21950,B,N,G,B,B,A,H,-,D,A,0,Y,,,,Y,,N,60,0,0,0,1,0,0,0,0,0,"- ","- ",38.930019378662109,-122.61887359619141,LAKE,CLEARLAKE,-122.61904144287109,38.929981231689453
9354887,2021,2022-03-21,1702,2021-09-16,2039,241,E,4,5,3,1702,0,0,0,,0,,"40TH AV","RT 53",0.00,,Y,A,-,Y,LAK,1,53,-,-,2.960,I,5,S,N,2,0,1,2,A,-,11,21950,B,N,G,B,B,A,H,-,D,D,0,Y,,,,Y,Y,N,60,1,0,0,0,1,0,0,0,0,"- ","- ",38.950721740722656,-122.62315368652344,LAKE,CLEARLAKE,-122.62319183349609,38.950702667236328
91529095,2021,2021-07-26,9151,2021-07-16,1332,016093,,5,1,9,1700,0,3,5,,2,008,"BOWCHER LANE","HONEY HILL DRIVE",382.00,N,N,A,-,N,,,,,,,,,,N,4,0,1,1,A,-,08,22107,,N,E,I,A,A,H,-,A,D,0,,,,,Y,,A,01,0,0,1,0,0,0,0,0,0,"- ","- ",38.798191070556641,-122.5408935546875,LAKE,UNINCORPORATED,-122.54085540771484,38.798183441162109
91612349,2021,2021-11-01,9151,2021-10-23,1615,021014,,6,2,9,1700,0,1,3,,1,011,SR-20,"COUNTRY CLUB DR",100.00,E,N,B,C,Y,,,20,,,,,,,Y,3,0,1,1,A,-,03,22350,,N,E,I,A,B,H,-,A,D,0,,,,,Y,,A,01,0,1,0,0,0,0,0,0,0,"- ","- ",39.082489013671875,-122.78984069824219,LAKE,UNINCORPORATED,-122.78986358642578,39.082443237304688
9320214,2021,2021-12-21,1702,2021-11-21,2201,240,,7,5,3,1702,0,0,0,,0,,"DAM RD","18TH AV",0.00,,Y,A,-,N,,,,,,,,,,Y,1,1,1,1,A,-,03,22350,,N,F,I,A,A,H,-,D,D,0,,,,,Y,,A,01,1,0,0,0,0,0,0,0,0,"- ","- ",38.936100006103516,-122.61538696289062,LAKE,CLEARLAKE,-122.61534118652344,38.936069488525391
91524588,2021,2021-07-20,9151,2021-07-13,1820,020326,,2,2,9,1700,0,1,3,,2,015,SR-29,SR-281,0.00,,Y,A,-,Y,,,29,,,,,,,Y,4,0,2,2,A,-,12,21453,A,N,D,C,A,A,H,-,A,A,0,,,,Y,Y,,G,25,0,0,2,0,0,0,0,0,0,"- ","- ",38.929470062255859,-122.74130249023438,LAKE,UNINCORPORATED,-122.74125671386719,38.929611206054688
9318240,2021,2021-10-12,1701,2021-08-22,2303,44,3F,7,5,2,1701,0,0,0,,0,,"20TH ST","N HIGH ST",0.00,,Y,A,-,N,,,,,,,,,,Y,3,0,1,1,A,-,01,23152,A,M,C,E,A,A,H,-,D,D,0,,,,,Y,Y,A,01,0,1,0,0,0,0,0,0,0,"- ","- ",,,LAKE,LAKEPORT,-122.91665649414062,39.055850982666016
91512370,2021,2021-07-06,9151,2021-06-25,1810,022258,,5,2,9,1700,0,1,3,,1,022,SR-20,"MULE SKINNER ROAD",2070.00,W,N,A,-,Y,,,20,,,,,,,Y,3,0,1,1,A,-,01,23152,A,N,F,A,A,A,H,-,A,D,0,,,,,Y,Y,A,07,0,1,0,0,0,0,0,0,0,"- ","- ",39.010768890380859,-122.49046325683594,LAKE,UNINCORPORATED,-122.49051666259766,39.010726928710938
91515903,2021,2021-07-16,9151,2021-06-30,1310,015435,,3,1,9,1700,0,3,5,,2,001,"ELK MOUNTAIN ROAD","MIDDLE CREEK CAMPGROUND",7392.00,N,N,A,-,N,,,,,,,,,,Y,3,0,2,2,A,-,05,21650,,N,A,C,A,A,H,-,A,D,0,,,,,Y,,D,22,0,2,0,0,0,0,0,0,0,"- ","- ",39.256561279296875,-122.94731140136719,LAKE,UNINCORPORATED,-122.9410400390625,39.259803771972656
91407018,2021,2021-02-11,9151,2021-02-08,1210,015435,,1,1,9,1700,0,1,3,,1,013,"SR-29 N/B TO 11TH ST. E/B","ELEVENTH STREET",4.00,S,N,A,-,Y,,,29,,,,R,,N,Y,3,0,2,2,A,-,03,22350,,N,C,C,A,A,H,-,A,D,0,,,,,Y,,A,07,0,2,0,0,0,0,0,0,0,"- ","- ",39.049919128417969,-122.93093109130859,LAKE,UNINCORPORATED,-122.93093109130859,39.049919128417969
91506970,2021,2021-07-07,9151,2021-06-22,1555,020522,,2,2,9,1700,0,1,S,,2,800,SR-29,SR-53,150.00,S,N,A,-,Y,,,29,,,,,,,Y,4,0,2,2,A,-,09,21804,A,N,D,C,A,A,H,-,A,D,0,,,,,Y,,D,22,0,0,2,0,0,0,0,0,0,"- ","- ",38.909660339355469,-122.61229705810547,LAKE,UNINCORPORATED,-122.6123046875,38.909660339355469
91649026,2021,2021-12-10,9151,2021-12-04,1420,019200,,6,2,9,1700,0,3,5,,2,003,"SOUTH MAIN STREET","SR-175 HOPLAND EXT",1603.00,N,N,A,-,N,,,,,,,,,,Y,2,0,1,3,A,-,01,23152,G,N,C,C,A,A,H,-,A,D,0,,,,,Y,Y,A,01,1,0,0,0,0,0,0,0,0,"- ","- ",39.021499633789062,-122.91397857666016,LAKE,UNINCORPORATED,,